timestep,mean_reward,success_rate
100000,355.1882429641253,56.00000000000001
